"customer_id","name","email","city","country","signup_date"
1,"Maria Santos","maria.santos@gmail.com","Manila","Philippines","2020-01-10"
2,"Juan Dizon","juan.dizon@gmail.com","Quezon","Philippines","2020-02-10"
3,"Jose Mendoza","jose.mendoza@gmail.com","Manila","Philippines","2021-03-05"
4,"Anna Reyes","anna.reyes@gmail.com","Taguig","Philippines","2021-01-15"
5,"Mark Garcia","mark.garcia@gmail.com","Valenzuela","Philippines","2022-04-01"
6,"Francis Cruz","francis.cruz@gmail.com","Quezon","Philippines","2020-06-03"
7,"Ethan Ramos","ethan.ramos@gmail.com","Quezon","Philippines","2020-06-05"
8,"Chloe Aquino","chloe.aquino@gmail.com","Caloocan","Philippines","2025-08-16"
9,"Samantha Valdez","samantha.valdez@gmail.com","Pasig","Philippines","2022-12-07"
10,"Nathaniel Bautista","nathaniel.bautista@gmail.com","Manila","Philippines","2026-09-28"
11,"Princess Villafuerte","princess.villafuerte@gmail.com","Pasig","Philippines","2023-07-16"
12,"Jun Macaraeg","jun.macaraeg@gmail.com","Quezon","Philippines","2026-03-24"
13,"Bong Magbanua","bong.magbanua@gmail.com","Manila","Philippines","2021-04-06"
14,"Bing Gonzales","bing.gonzales@gmail.com","Taguig","Philippines","2018-10-08"
15,"Boyet Panganiban","boyet.panganiban@gmail.com","Valenzuela","Philippines","2020-11-18"
16,"Baby Castañeda","baby.castaneda@gmail.com","Quezon","Philippines","2016-01-01"
17,"Peach Del Rosario","peach.delrosario@gmail.com","Quezon","Philippines","2015-07-19"
18,"Reynald Perez","reynald.perez@gmail.com","Caloocan","Philippines","2025-12-03"
19,"Ma. Theresa Concepcion","matheresa.concepcion@gmail.com","Pasig","Philippines","2021-12-07"
20,"Cris Malabanan","cris.malabanan@gmail.com","Manila","Philippines","2024-05-28"
21,"Danny Villamor","danny.villamor@gmail.com","Manila","Philippines","2022-09-01"
22,"John Mendoza","john.mendoza@gmail.com","Caloocan","Philippines","2022-05-14"
23,"Fe Abad","fe.abad@gmail.com","Taguig","Philippines","2020-02-20"
24,"Noel Garcia","noel.garcia@gmail.com","Malabon","Philippines","2023-11-05"
25,"Joshua Pascual","joshua.pascual@gmail.com","Caloocan","Philippines","2025-10-17"
26,"Anna Flores","anna.flores@gmail.com","Quezon","Philippines","2016-06-02"
27,"Gabriel Dela Cruz","gabriel.delacruz@gmail.com","Manila","Philippines","2015-08-20"
28,"Jason Dizon","jason.dizon@gmail.com","Caloocan","Philippines","2026-02-19"
29,"Ma. Jewel Cayetano","majewel.cayetano@gmail.com","Rizal","Philippines","2019-12-25"
30,"Paulo Villanueva","paulo.villanueva@gmail.com","Makati","Philippines","2024-09-30"
31,"Glen Cruz","glen.cruz@gmail.com","Marikina","Philippines","2024-09-01"
32,"Nerissa Saison","nerissa.saison@gmail.com","Antipolo","Philippines","2020-07-10"
33,"Sam Fausto","sam.fausto@gmail.com","Taguig","Philippines","2022-04-22"
34,"Aileen Corpuz","aileen.corpuz@gmail.com","Quezon","Philippines","2025-01-07"
35,"Kristine Escaner","kristine.escaner@gmail.com","Marikina","Philippines","2023-12-02"
36,"Efren Reyes","efren.reyes@gmail.com","Manila","Philippines","2018-08-05"
37,"Miguel Razon","miguel.razon@gmail.com","Quezon","Philippines","2017-10-23"
38,"Paul Quevedo","paul.quevedo@gmail.com","Taguig","Philippines","2022-11-15"
39,"Ramon Magsaysay","ramon.magsaysay@gmail.com","Rizal","Philippines","2019-06-30"
40,"Rhoy Alonzo","rhoy.alonzo@gmail.com","Bulacan","Philippines","2022-10-05"
41,"Bea Alberca","bea.alberca@gmail.com","Laguna","Philippines","2020-03-22"
42,"Rowena Castro","rowena.castro@gmail.com","Caloocan","Philippines","2018-12-22"
43,"Mark Guinto","mark.guinto@gmail.com","Malabon","Philippines","2019-02-28"
44,"Ethan Espiritu","ethan.espiritu@gmail.com","Quezon","Philippines","2023-06-01"
45,"Faye Lobrio","faye.lobrio@gmail.com","Marikina","Philippines","2014-06-06"
46,"Airis Dollenta","airis.dollentas@gmail.com","Quezon","Philippines","2015-08-25"
47,"Marvin Santiago","marvin.santiago@gmail.com","Marikina","Philippines","2024-07-05"
48,"Eunice Garcia","eunice.garcia@gmail.com","Rizal","Philippines","2020-01-26"
49,"Nicole Soriano","nicole.soriano@gmail.com","Makati","Philippines","2021-11-28"
50,"Chris Bautista","chris.bautista@gmail.com","Manila","Philippines","2026-11-25"
