"order_id","customer_id","order_date","status","total_amount"
1001,1,"2020-01-10","0",743.75
1002,16,"2016-01-01","0",1422.50
1003,18,"2025-12-03","1",2115.95
1004,22,"2022-05-14","0",1071.00
1005,24,"2023-11-05","0",612.20
1006,32,"2020-07-10","1",1450.40
1007,38,"2022-11-15","1",2428.00
1008,41,"2020-03-22","0",3082.00
1009,49,"2021-11-28","0",6596.25
1010,3,"2021-03-05","1",960.30
1011,10,"2026-09-28","0",3576.00
1012,19,"2021-12-07","0",4087.90
1013,27,"2015-08-20","1",889.00
1014,35,"2023-12-02","1",1210.00
1015,37,"2017-10-23","0",643.45
