"order_item_id","order_id","product_id","quantity","unit_price"
1,1001,1,3,42.00
2,1001,5,1,65.75
3,1001,8,2,80.00
4,1001,13,1,62.00
5,1001,30,2,165.00
6,1002,2,5,42.00
7,1002,3,2,115.00
8,1002,15,1,46.00
9,1002,17,1,94.00
10,1002,18,1,149.00
11,1002,21,1,53.00
12,1002,22,2,67.00
13,1002,25,1,165.30
14,1002,27,1,199.20
15,1002,28,3,49.00
16,1003,4,6,54.00
17,1003,3,1,115.00
18,1003,6,2,395.00
19,1003,17,1,94.00
20,1003,18,1,149.00
21,1003,21,1,53.00
22,1003,14,1,79.45
23,1003,25,1,165.30
24,1003,27,1,199.20
25,1003,28,3,49.00
26,1004,7,1,349.00
27,1004,10,1,189.00
28,1004,11,2,145.00
29,1004,17,1,94.00
30,1004,18,1,149.00
31,1005,3,3,115.00
32,1005,5,1,65.75
33,1005,13,1,62.00
34,1005,14,1,79.45
35,1005,20,4,15.00
36,1006,2,3,45.00
37,1006,4,2,54.00
38,1006,5,1,65.75
39,1006,8,4,80.00
40,1006,18,1,149.00
41,1006,19,1,496.00
42,1006,23,1,46.65
43,1006,24,2,65.00
44,1007,9,3,411.00
45,1007,20,10,15.00
46,1007,22,5,67.00
47,1007,24,5,65.00
48,1007,29,10,38.50
49,1008,1,2,42.00
50,1008,4,3,54.00
51,1008,15,4,46.00
52,1008,20,2,15.00
53,1008,21,1,53.00
54,1008,17,1,94.00
55,1008,8,4,80.00
56,1008,6,4,395.00
57,1008,3,5,115.00
58,1009,2,5,45.00
59,1009,5,3,65.75
60,1009,16,1,99.00
61,1009,21,1,53.00
62,1009,22,6,67.00
63,1009,18,4,149.00
64,1009,9,10,411.00
65,1009,7,2,349.00
66,1009,4,4,54.00
67,1010,6,1,395.00
68,1010,10,1,189.00
69,1010,13,1,62.00
70,1010,18,1,149.00
71,1010,25,1,165.30
72,1011,11,10,145.00
73,1011,12,5,339.00
74,1011,20,3,15.00
75,1011,22,2,67.00
76,1011,1,6,42.00
77,1012,1,4,42.00
78,1012,3,2,115.00
79,1012,4,6,54.00
80,1012,8,10,80.00
81,1012,9,1,411.00
82,1012,13,3,62.00
83,1012,14,5,79.45
84,1012,15,5,46.00
85,1012,20,20,15.00
86,1012,21,4,53.00
87,1012,22,2,67.00
88,1012,23,1,46.65
89,1012,29,4,38.50
90,1012,30,3,165.00
91,1013,6,1,395.00
92,1013,7,1,349.00
93,1013,11,1,145.00
94,1014,8,2,80.00
95,1014,9,2,411.00
96,1014,15,2,46.00
97,1014,20,2,15.00
98,1014,21,2,53.00
99,1015,1,1,42.00
100,1015,3,1,115.00
101,1015,4,1,54.00
102,1015,8,1,80.00
103,1015,13,1,62.00
104,1015,14,1,79.45
105,1015,15,1,46.00
106,1015,30,1,165.00
