"payment_id","order_id","payment_method","payment_status","payment_date"
1,1001,"Cash",1,"2020-01-10"
2,1002,"Debit",1,"2016-01-01"
3,1003,"Debit",1,"2025-12-03"
4,1004,"Cash",1,"2022-05-14"
5,1005,"Cash",1,"2023-11-05"
6,1006,"Credit",1,"2020-07-10"
7,1007,"Credit",1,"2022-11-15"
8,1008,"Credit",1,"2020-03-22"
9,1009,"Cash",1,"2021-11-28"
10,1010,"Cash",1,"2021-03-05"
11,1011,"Debit",1,"2026-09-28"
12,1012,"Cash",1,"2021-12-07"
13,1013,"Cash",1,"2015-08-20"
14,1014,"Cash",1,"2023-12-02"
15,1015,"Cash",1,"2017-10-23"
