"product_id","product_name","category","price","stock_quantity"
1,"Century Tuna Flakes in Oil: 125g","Food",42.00,100
2,"Klean Face Mask: 3Ply Earloop","Health & Beauty",45.00,300
3,"Monde Special Mamon: Pack 6s","Food",115.00,120
4,"Nestle Yummy Melon Nata Yogurt: 110g","Food",54.00,100
5,"Green Cross 70% Rubbing Alcohol: 150mL","Health & Beauty",65.75,140
6,"Loreal Sulfate-Free EverPure Frizz-Defy Shampoo: 250mL","Health & Beauty",395.00,150
7,"SNAILWHITE Niacinamide Body Wash: 500mL","Health & Beauty",349.00,80
8,"Suntory Horoyoi Peach: 350mL","Beverage",80.00,300
9,"Diabetasol Vanilla Powdered Milk: 800g","Beverage",411.00,80
10,"Cream Silk Conditioner Standout Straight: 350mL","Health & Beauty",189.00,150
11,"Safeguard Pure White Bar Soap: Pack 3s 130g","Health & Beauty",145.00,150
12,"Garnier Blue Micellar Water: 400mL","Health & Beauty",339.00,200
13,"Nissin Wafer Chocolate: 12g, 20s","Food",62.00,50
14,"Gardenia High Fiber Wheat Bread: 400g","Food",79.45,150
15,"Oishi Smart C+ Juice Drink: 500mL","Beverage",46.00,200
16,"Watsons Stitched Round Cotton Puffs: 80s","Health & Beauty",99.00,350
17,"Belo Essentials Beauty Deo Roll-on: 25mL","Health & Beauty",94.00,100
18,"Sensodyne Gum Care Toothpaste","Health & Beauty",149.00,180
19,"Colgate Plax Peppermint Mouthwash: 1L","Health & Beauty",496.00,180
20,"Summit Natural Water Bottle: 500mL","Beverage",15.00,500
21,"Pocari Sweat Ion Drink: 500mL","Beverage",53.00,500
22,"Lucky Me! Beef Instant Noodles: 6s, 55g","Food",67.00,120
23,"Del Monte Sweet Chili Sauce: 320g","Food",46.65,200
24,"Nescafe Original Coffee: 12 Sticks","Beverage",65.00,400
25,"Vaseline Lip Therapy","Health & Beauty",165.30,100
26,"Sanicare Bamboo Cleansing Wipes: 80 Sheets","Health & Beauty",120.00,300
27,"Garnier Bright Complete Serum Vitamin C: 100mL","Health & Beauty",199.20,250
28,"Selsun Blue Pro 2in1 Shampoo: 6mL","Health & Beauty",49.00,50
29,"Jack n Jill Piattos Sour Cream & Onion: 85g","Food",38.50,200
30,"Ladys Choice Real Mayonnaise: 220mL","Food",165.00,250
